{
  "investment": [
    {
      "year": 2018,
      "total": 5000,
      "invested": 4000,
      "revenue": 1000,
      "id": "171e"
    },
    {
      "year": 2019,
      "total": 6000,
      "invested": 3000,
      "revenue": 3000,
      "id": "ac33"
    },
    {
      "year": 2020,
      "total": 2000,
      "invested": 1000,
      "revenue": 1000,
      "id": "6ad0"
    },
    {
      "year": 2021,
      "total": 6500,
      "invested": 3000,
      "revenue": 3500,
      "id": "68c9"
    },
    {
      "year": 2022,
      "total": 4000,
      "invested": 2500,
      "revenue": 1500,
      "id": "2758"
    },
    {
      "year": 2023,
      "total": 7000,
      "invested": 5000,
      "revenue": 2000,
      "id": "1a84"
    },
    {
      "year": 2024,
      "total": 17000,
      "invested": 12000,
      "revenue": 5000,
      "id": "e628"
    },
    {
      "id": "a596",
      "year": "01",
      "invested": "1",
      "revenue": "1",
      "total": "1"
    }
  ]
}